{
  "image": "/Users/eric/sandbox/starlight/starlight/datasets/sample_submission_2025/clean/clean-0004.png",
  "stego_logits": [
    -2.3432652950286865
  ],
  "method_logits": [
    -1.043312668800354,
    -0.9269283413887024,
    3.8340542316436768,
    -1.1986041069030762,
    0.14644251763820648
  ],
  "bit_order_logits": [
    -1.071334719657898,
    -2.097059488296509,
    1.5665967464447021
  ],
  "method_id": 2,
  "bit_order_id": 2,
  "embedding_norm": 4.8881402015686035
}
