{
  "image": "/Users/eric/sandbox/starlight/starlight/datasets/sample_submission_2025/clean/clean-0004.png",
  "stego_logits": [
    0.03614053130149841
  ],
  "method_logits": [
    0.034191735088825226,
    0.03310086205601692,
    0.0061224885284900665,
    -0.03536473587155342,
    0.014557167887687683
  ],
  "bit_order_logits": [
    -0.07516397535800934,
    0.1308562159538269,
    0.07343608140945435
  ],
  "method_id": 0,
  "bit_order_id": 1,
  "embedding_norm": 0.6003648042678833
}
