{
  "train_loss": [
    0.7303716897964477,
    0.6699138045310974,
    0.6484441995620728,
    0.6869986176490783,
    0.6749125599861145,
    0.6560149312019348,
    0.6456104516983032,
    0.6643447637557983,
    0.7011600732803345,
    0.6787959218025208,
    0.6908633708953857,
    0.7033200263977051,
    0.6781118512153625,
    0.65738365650177,
    0.6446675419807434,
    0.6971066117286682,
    0.6660936355590821,
    0.6998047947883606,
    0.6498041868209838,
    0.6888186931610107,
    0.6522837281227112
  ],
  "train_acc": [
    0.4473684210526316,
    0.5263157894736842,
    0.6052631578947368,
    0.5,
    0.5263157894736842,
    0.5526315789473685,
    0.5789473684210527,
    0.5263157894736842,
    0.47368421052631576,
    0.6578947368421053,
    0.5789473684210527,
    0.5,
    0.5263157894736842,
    0.5789473684210527,
    0.5789473684210527,
    0.47368421052631576,
    0.5,
    0.5526315789473685,
    0.5789473684210527,
    0.5263157894736842,
    0.5
  ],
  "val_loss": [
    0.7051952481269836,
    0.8347213566303253,
    0.8921234607696533,
    0.8789040446281433,
    0.7685454487800598,
    0.7306739687919617,
    0.7313468754291534,
    1.272643268108368,
    1.0317290723323822,
    20.12441520881839,
    2.581114239990711,
    0.847441703081131,
    0.7594962120056152,
    0.7421573102474213,
    0.7703163027763367,
    0.8489477336406708,
    0.7654752433300018,
    0.7127997577190399,
    0.72726771235466,
    0.8751544654369354,
    0.8339585065841675
  ],
  "val_acc": [
    0.6,
    0.4,
    0.4,
    0.4,
    0.3,
    0.6,
    0.6,
    0.4,
    0.4,
    0.4,
    0.4,
    0.4,
    0.3,
    0.3,
    0.3,
    0.3,
    0.4,
    0.6,
    0.4,
    0.4,
    0.3
  ]
}