{
  "train_loss": [
    0.7093372327940805,
    0.6948509697403227,
    0.6952466389962605,
    0.6945486392293657,
    0.6938271364995412,
    0.6928696104458401,
    0.694422652891704,
    0.6941209337541036,
    0.6933640922818866,
    0.6938183294875281,
    0.6936460192714419,
    0.6936814776488713,
    0.6936743246657507,
    0.6933120770113809,
    0.6933909156492778,
    0.6933404973575047,
    0.6927900063140052,
    0.693354041661535,
    0.6930604138544627,
    0.6935491476740155,
    0.6934403410979679,
    0.6931878983974457,
    0.6933001620428902,
    0.693222462279456,
    0.6933365336486271,
    0.6934541480881827,
    0.6931931981018611,
    0.6932050015245165,
    0.6931687389101301,
    0.6931005648204258
  ],
  "train_acc": [
    0.4758928571428571,
    0.4928571428571429,
    0.4982142857142857,
    0.4901785714285714,
    0.5169642857142858,
    0.5089285714285714,
    0.49107142857142855,
    0.48125,
    0.5017857142857143,
    0.5053571428571428,
    0.4973214285714286,
    0.48392857142857143,
    0.48035714285714287,
    0.4830357142857143,
    0.5,
    0.4982142857142857,
    0.5169642857142858,
    0.4955357142857143,
    0.5,
    0.4901785714285714,
    0.5,
    0.4982142857142857,
    0.5008928571428571,
    0.49464285714285716,
    0.48660714285714285,
    0.46875,
    0.50625,
    0.50625,
    0.50625,
    0.50625
  ],
  "val_loss": [
    0.692659764630454,
    0.6925740276064192,
    0.6921247925077166,
    0.6931641527584621,
    0.693827964578356,
    0.6921534095491682,
    0.692347070149013,
    0.6923277752740042,
    0.6931205255644662,
    0.6925281286239624,
    0.6926278948783875,
    0.6936258929116386,
    0.692687898022788,
    0.6927253450666155,
    0.6930035199437823,
    0.6929557783263071,
    0.6931074057306562,
    0.693436850820269,
    0.6932099921362741,
    0.6957404153687613,
    0.6935233133179801,
    0.6939100657190596,
    0.6933241588728768,
    0.6936373625482831,
    0.6935287203107562,
    0.6932368091174534,
    0.6933482170104981,
    0.6933453696114676,
    0.6933397344180516,
    0.6934017981801714
  ],
  "val_acc": [
    0.5178571428571429,
    0.525,
    0.525,
    0.4928571428571429,
    0.4857142857142857,
    0.525,
    0.525,
    0.525,
    0.49642857142857144,
    0.525,
    0.5107142857142857,
    0.4928571428571429,
    0.525,
    0.5214285714285715,
    0.5,
    0.575,
    0.5142857142857142,
    0.4857142857142857,
    0.5071428571428571,
    0.4785714285714286,
    0.48214285714285715,
    0.5214285714285715,
    0.5107142857142857,
    0.5035714285714286,
    0.475,
    0.475,
    0.475,
    0.475,
    0.475,
    0.475
  ]
}