{
  "train_loss": [
    0.8541743755340576
  ],
  "train_acc": [
    0.45454545454545453
  ],
  "val_loss": [
    0.6955678462982178
  ],
  "val_acc": [
    0.3333333333333333
  ]
}