{
  "train_loss": [
    0.7309181869029999,
    0.7244358658790588,
    0.7020403146743774,
    0.7042817175388336,
    0.7005500197410583
  ],
  "train_acc": [
    0.5394736842105263,
    0.5263157894736842,
    0.4342105263157895,
    0.4605263157894737,
    0.4342105263157895
  ],
  "val_loss": [
    0.7127963503201803,
    0.7042677601178488,
    0.6925870180130005,
    0.7063910166422526,
    0.6956640481948853
  ],
  "val_acc": [
    0.4,
    0.4,
    0.55,
    0.4,
    0.4
  ]
}